{
  "project_info": {
    "project_number": "450877646956",
    "project_id": "project-app-e17ad",
    "storage_bucket": "project-app-e17ad.appspot.com"
  },
  "client": [
    {
      "client_info": {
        "mobilesdk_app_id": "1:450877646956:android:2b234e8804ecceb3ec5049",
        "android_client_info": {
          "package_name": "com.example.project_app_midterm_first_haft"
        }
      },
      "oauth_client": [],
      "api_key": [
        {
          "current_key": "AIzaSyArNBviKWW7JODIT-U9DhSNok8Y_z4OiXI"
        }
      ],
      "services": {
        "appinvite_service": {
          "other_platform_oauth_client": []
        }
      }
    }
  ],
  "configuration_version": "1"
}